Polonezköy # adampol
nadwrażliwość # Alergia # uczulenie
dychawica # Astma
Akwaforta # kwasoryt
אברהם # Abraham
Ajschylos # eschyl
Bekerel # bq
Cydr # jabłecznik
Cent # eurocent
Dionizos # bachus
Dżinizm # dżainizm # dżajnizm
drawidzi # Drawidowie
Emotikon # emotikona
Epos # epopeja
gnoseologia # Epistemologia
gly # Glicyna
gy # Grej
Holocen # aluwium
יהוה # JHWH
Guomindang # kuomintang
kilokaloria # Kaloria
Komiacy # komi # zyrianie
LaTeX # tex
hybryda # Mieszaniec # hybryd
monoidem # Monoid
Mendog # mindowe
Negacja # zaprzeczenie
Natura # przyroda
oftalmologia # Okulistyka
traumatologia # Ortopedia
metafizyka # Ontologia
cpu # Procesor
procedura # funkcja # Podprogram
Płanetnik # chmurnik
dodola # Perperuna
asteroida # Planetoida
lagidzi # Ptolemeusze
insurekcja # Powstanie
Równoważność # ekwiwalencja
Rower # welocyped # rover # bicykl
ruter # Router
Synagoga # bóżnica # bożnica
sabat # sobota # Szabat
lxx # Septuaginta
skłot # Squat
vecellio # Tycjan
totalizm # Totalitaryzm
Unicode # unikod
viagra # Sildenafil
wielobok # Wielokąt
Wektor # moduł
Wizygoci # terwingowie
zoroaster # Zaratusztra
Zeus # dzeus
haplont # Haploid
xmpp # Jabber
Fonetyka # głosownia
Pertynaks # pertinaks
mórg # Morga
chamsin # Samum
Trotyl # tnt
wersalik # Majuskuła
wielomęstwo # Poliandria
Humvee # hmmwv
wolapik # Volapük
Gilda # hilda
skarbimirz # Skarbimir
bohdan # Bogdan
gniewomier # Gniewomir
niemierz # Niemir
bogufał # bogchwał # bogofał # bofał # bochwał # Boguchwał
Mikołaj # nikodem
manuel # Manuela
Władysława # włodzisława
Innocenta # innocentyna
Spycimir # spyćmierz
przesława # Przedsława # przecsława
niemierza # Erazm
Halina # haliny
Stojsław # tosław # stosław
masoneria # Wolnomularstwo
Idzi # egidiusz
arność # Argumentowość
Wenedowie # wenedzi # wenetowie
terpsichore # Terpsychora
melpomena # Melpomene
kamikadze # Kamikaze
tutanchaton # Tutanchamon
Blanka # bianka
rotor # Wirnik
taktomierz # Metronom
Häme # tavastland
głosownia # Fonologia
kolumnada # Perystaza
nekropolia # Nekropola # nekropol
mercosul # Mercosur
Sklawinowie # sklaweni
trójporozumienie # Ententa
oporność # Rezystancja
Kabriolet # convertible
henoch # Enoch
Diminuendo # decrescendo
Comitium # comitia
patesi # Ensi
felicjanna # Felicjana
manitou # Manitu
pustelnik # Eremita
marsżagiel # Marsel
nanker # Nankier
obodrzyce # Obodryci
Kobudo # koryu
Macintosh # mac
laskowanie # Maswerk
Beta # ββ
γγ # Gamma
Theta # θθ
Kilometr # km
nm # Nanometr
dhamma # Dharma
kiswahili # Suahili
phe # Fenyloalanina
cys # Cysteina
Leucyna # leu
trp # Tryptofan
Dao # tao
Seleucydzi # seleukidzi
Pietà # pieta
Dendrologia # drzewoznawstwo
ines # Inez
sutta # Sutra
Uljanowsk # symbirsk
Petersburg # leningrad # piotrogród
Wiwern # wiwerna # wywerna
legia # Legion
jaćwięgowie # Jaćwingowie
Skraplanie # kondensacja
Krasnolud # skrzat
Krasnoludek # krasnal # skrzat
jezydyzm # Jazydyzm
przenośnia # Metafora
hekuba # Hekabe
conversio # Epifora
Nadwzroczność # dalekowzroczność
Personifikacja # uosobienie
quemoy # Kinmen
antylogia # Oksymoron
Whisky # whiskey
komersz # Komers
Deszczomierz # pluwiometr
Wodnosamolot # hydroplan
Izolinia # izarytma
Kilowatogodzina # kwh
gencjana # Goryczka
guanako # Gwanako
Sitodruk # serigrafia
alchwine # Alkuin
ragusa # dubrovnik # Dubrownik
epo # Erytropoetyna
przekątnia # Przekątna
Duraluminium # dural
Odejmowanie # odjemna # odjemnik
madrasa # Medresa
liwan # Ejwan
Meczet # مسجد
Minbar # mimbar
Hafez # hafiz
gazela # Gazel
myszoryjki # Almikowate
Jełgawa # mitawa
tryptolemos # Triptolemos
Aztekowie # aztekami
Guernica # gernika
Chevrolet # chevy
eryda # Eris
Pinakiel # sterczyna
deskowanie # Szalowanie
melkorem # Morgoth
muramidaza # Lizozym
allofon # Alofon
kryolit # Kriolit
Palisada # ostrokół # częstokół
wettinowie # Wettynowie
astrofizyk # Astronom
Kierunkowskaz # migacz
Malaria # febra
Kresomózgowie # mózg
siuksowie # Dakotowie
Odżibwejowie # czipewejowie
Ajmara # ajmarowie
foça # Fokaja # phocaea
śniedź # Patyna
kenotaf # Cenotaf
Ortografia # pisownia
Furtka # furta
wartownia # Kordegarda # odwach
campanila # Kampanila
prothesis # Pastoforia
Bellerofont # bellerofon
induktor # solenoid # Cewka
الخرطوم # Chartum
Krakatau # krakatoa
Inuit # innuici # inuici
Dwujęzyczność # bilingwizm
Przełącznik # komutator
Porto # oporto
hydrokortyzon # Kortyzol
Epyllion # epos
Llanos # llano
archeowcami # Archeony
Huragan # tajfun
wirowość # Rotacja
rdx # Heksogen
Oktogen # hmx
nimfajon # Nimfeum
barburka # Barbórka
szpros # Szczeblina
edirne # Adrianopol
behdet # Edfu
gnupg # GPG
dalemińcy # Głomacze
neretlanie # Narentanie
زكاة # Zakat
greutungowie # Ostrogoci
ganapati # Ganeśa
Swionowie # swearowie
Algologia # fykologia
rusowie # Rusini # rosjanie
proserpina # Prozerpina
Hawelanie # hawolanie
Subversion # svn
teotihuacan # Teotihuacán
Hygieja # higieja
oberglogau # Głogówek
tlalok # Tlaloc
tonacatecuhtli # Ometecuhtli
Omecihuatl # tonacacihuatl
Trawunianie # trebinianie
Wołynianie # bużanie
madianici # Midianici
makchia # Makia
Okcydentalizacja # westernizacja
Ewenkowie # tunguzi
Fototropizm # heliotropizm
su # Suchoj
dzieworództwo # Partenogeneza
بيروت # Bejrut
ludźmiła # Ludomiła
Piżmak # ondatra
odchody # ekskrementy # Kał
liparyt # Ryolit # riolit
Obuch # obuszek
Twardzielec # inselberg # monadnok
tapiawa # Gwardiejsk
ksieni # Opat
tebessa # Tibissa
Połowcy # kipczakami # kumanami
Sesterc # sestercja
cyclostomata # Kręgouste
Byblos # جبيل
lejc # lejce # Wodze
karbol # hydroksybenzen # Fenol
acinonyx # Gepard
Uruk # erech
pcp # Fencyklidyna
Decumanus # cardo
Petydyna # meperydyna
Ayahuasca # caapi
Kilobajt # kb
helikopter # Śmigłowiec
ilion # Troja
Quad # czterokołowiec
Eunuch # trzebieniec
Dunaújváros # sztálinváros
Wielożeństwo # poligynia
Hitlerjugend # hj
baon # Batalion
interlingue # Occidental
Otoczenie # środowisko
Indologia # indolog
Manipularz # sudarium
telekineza # Psychokineza
mbit # Megabit # mb
Sicherheitsdienst # sd
Bogomili # bogomilcy
parasang # Parasanga
Radomir # radmir
ronnie # Reginald
nebo # Nabu
ICL # ict
dakka # Dhaka
Kolaż # collage
Nagielbank # kołkownica
luimneach # Limerick
أحمد # ahmet # Ahmed
Będzimir # wędziemir
krzesław # Krzesisław # krzysław
lutmiar # Lutomir
beskidy # Beskid
girgenti # agrigentum # Agrigento # akragas
أكادير # Agadir
Hagåtña # agana
phm # Podharcmistrz
Palmtop # pda
Oczarowe # hamamelididae
storyboard # Scenorys
rsha # Reichssicherheitshauptamt
Ranczo # rancho
zwałowisko # Hałda
luchta # Luchtaine
moniliaza # Drożdżyca
Technopolis # technopolia
Manjushri # mandziuśri # mañjuśrī
astérix # Asterix
kerykejon # Kaduceusz
catinga # Caatinga
Kupidyn # amor
Aluwium # aluwia
Haplont # haploid
klątwa # anatema # Ekskomunika
Cherub # cherubin
Millenaryzm # chiliazm # milenaryzm
Artafernes # artafrenes
Donieck # juzowka
augustynizm # Augustianizm
nawis # Stalaktyt # sopleniec
wystruć # Czerniachowsk
Warstwica # poziomica
Cedega # winex
Bemit # boehmit
grzybek # Kapturek
epilepsja # Padaczka
faks # Telefaks
cardware # Postcardware
Spliter # splitter
annwfn # Annwn
Wiatrakowiec # autożyro
lepra # Trąd
Somosierra # samosierra
grzechotniczek # Sistrurus
Rybactwo # rybołówstwo
Pieczarkowce # agaricales
Bezblaszkowce # aphyllophorales
seleukeja # Seleucja
amp # Adenozynomonofosforan
Urukagina # uruinimgina
Zapałka # zapałki
Voyeuryzm # podglądactwo # oglądactwo
kurek # Kran
niedocukrzenie # Hipoglikemia
raggamuffin # Ragga
Szadź # sadź
wnętrzności # Trzewia
kuracja # Leczenie
biatlon # Biathlon
Megabajt # mib # mb
Pamiętnik # memuar
Naśladownictwo # imitacja
Fuþark # futhark
fat # VFAT
Annaba # bône # hippona
Urartu # biajnili
Podlasianie # podlaszanie
rajtuzy # Rajstopy
spiker # Prezenter
Lamblioza # giardioza
czesbor # Czścibor
Ormuzd # ahuramazda
falimir # kwalimir # Chwalimir
himisław # Imisław
quorum # Kworum
Ammit # ammut
Wszerad # świrad
Astronauta # kosmonauta
pleban # Proboszcz
sulmir # Sulimir
siesław # siecław # Sieciesław
recsław # recław # ratsław # Rasław # retsław
miesław # Miecisław
kalmir # Kanimir # kajmir
sikion # Sykion
hypsipyle # Hypsipile
Smarżowa # smarzowa
częstoskurcz # Tachykardia
Osłomuł # oślik
Gigabit # gb
retsława # recsława # ratsława # recława # Rasława
uah # Hrywna
notus # Notos
Walbert # waldebert
kunopies # junat # Jenot
puginał # Mizerykordia
fotorealizm # Hiperrealizm
narodziny # Poród
tylża # Sowieck
paramatman # Paramatma
Oradea # nagyvárad
zinowjewsk # Kirowohrad
nowakowie # Nowak
Ypres # ieper
vita # Vitae
Miraż # fatamorgana
zdzibor # Zdziebor
neuromediator # Neuroprzekaźnik
teodozjusz # Teodozy
trackpad # Touchpad
sięgniew # śwsiegniew # Wszegniew
Cezarea # cezareja
odolan # Przybywoj
inanna # Isztar
Hermetyzacja # enkapsulacja
kacanki # Kacanka
Myślenie # rozumowanie
Pitawal # pitaval
Industrializacja # uprzemysłowienie
Unieboż # uniebog
Symplicjusz # symplicy
Strzeżysław # strzesław # strzecsław
Paramagnetyzm # paramagnetyk
wyobcowanie # Deprywacja
palestra # Adwokatura
phreak # Phreaking
stogniew # Stojgniew
thoth # Thot
amfibologia # Amfibolia
Dakowie # dację
herkulaneum # Herkulanum
podziemie # Konspiracja
antyelektron # Pozyton
siesława # siecława # Sieciesława
lincz # Samosąd
angrenost # Isengard
zaragoza # Saragossa
silmarile # Silmaril
nerwoból # Neuralgia
makropolecenie # Makro
samoaktualizacja # Samorealizacja
bandolet # Bandolier
Pasztuni # pasztunowie
Dydym # didym
aspis # Hoplon
Shenyang # mukden
queenstown # Cobh
odf # OpenDocument
Miłochat # miłoczat
Kretynizm # matołectwo
meiji # Mutsuhito
jezus # Jozue
fizysorpcja # Sorpcja
cybernetyka # bio # Biocybernetyka
heloderma # Helodermowate
Węgorzokształtne # niedopłetwe
Dryzki # дръзки
Lestek # lestko
fpu # Koprocesor
skrzeplina # Zakrzep
Haft # hafciarstwo
adamizm # Akmeizm
Trypolis # طرابلس
Somnambulizm # lunatyzm
µg # Mikrogram
Prompter # teleprompter
Aetozaury # aetosauria
Witelon # witelo
Szeregowy # szeregowiec
kler # Duchowieństwo
Nesa # kanesz
wręga # Wręg
mąż # Małżonkowie
dvl # Volkslista
raúl # Raul
Gigabajt # gb
ojciec # matka # Rodzice
Degeneracja # zwyrodnienie # wynaturzenie # zniekształcenie
Astarte # asztarte
braşov # kronstadt # oraşul # brassó # Braszów
Dzwon # gong
Orchan # orhan
Bionika # biomimetyka
Tyreoliberyna # trh
Magnat # możnowładca
Dudy # kobza
Atrofia # zanik
Qaanaaq # thule
Kadisz # קדיש
Kleryk # alumn
Terasa # taras
dzierżysława # Dzirżysława
anglesea # Anglesey
Naturyzm # nudyzm
Ichthys # ichtys
mandeizm # Mandaizm
ninlil # Ninhursag
lazur # Błękit
Kodok # faszoda
odylen # przybywoj # Odolan
Zrzeszenie # stowarzyszenie
krupniok # Kaszanka
Infant # infantka
komunitarianizm # Komunitaryzm
arbort # Herbort
Glutamina # gln
singiel # Singel
lérida # Lleida
Owadopylność # entomogamia
Koguryŏ # goguryeo
Mannitol # mannit
jekaterinodar # Krasnodar
bahia # Salvador
Pagalu # annobón
rogacz # kozioł # Byk
brenneke # Breneka
Kołczan # sajdak # sahajdak
Puńsk # punskas
przeistoczenie # Transsubstancjacja
cârlibaba # Kirlibaba
Njörðr # njord
Nożyczki # nożyce
indykator # Wskaźnik
labiawa # Polessk
sztruks # aksamit # Welur
großadmiral # Grossadmiral
Asparagina # asn
Machabeusze # hasmoneusze
puteoli # Pozzuoli
Mothman # birdman
charan # carrhae # Harran
Włos # włosy
geryones # Gerion
guttentag # Dobrodzień
bogodał # Bogdał
Domofon # unifon
Konsens # consensus
Pendżab # pięciorzecze
Wkrętak # śrubokręt
linker # Konsolidator
ptolemais # Ptolemaida
Respawn # spawn
focyda # Fokida
snefru # Snofru
Garncarstwo # garncarz
dúnadan # Dúnedainowie
amurru # Amoryci
XBase # dbase
sveaborg # Suomenlinna
elis # Elida
acheront # Acheron
Kléberson # kleberson
kebap # Kebab
Kwadowie # swewami
idunn # Idun
Tigon # tyglew
indosant # Indos
athinganoi # atsingani # Atynganie
szabrownictwo # Szaber
Wirydiana # weridiana
birofilia # Birofilistyka
mpix # mpx # Megapiksel
kárášjohka # Karasjok
kinnarodden # Nordkinn
wojrowice # Hoyerswerda
Radiestezja # różdżkarstwo
qi # Qigong
Oshogbo # osogbo
Asmodeus # azmodan
Chyrowa # hyrowa
tinúviel # Lúthien
Tongeren # tongres
VRM # vid
Gagarin # gagarina
Kohelet # eklezjastes # ekklesiastes
endoetnonim # Etnonim
heterostylia # Różnosłupkowość
fulbe # foulah # peulh # Fulanie # peul
logone # Logon
escudo # Cifrão
falasza # Felaszowie
lórinand # Lothlórien
Letalnica # velikanka
Borowikowate # boletaceae
birawka # Bierawka
نابل # Nabul
Mahabalipuram # mamallapuram
Katedra # archikatedra
gorizia # Gorycja
reate # Rieti
sterzing # Vipiteno
dulag # Durchgangslager
palantíry # Palantír
boletus # Borowik
Cicit # cyces
Orzyc # orzyca
College # collège
Szkwa # rozoga
azureus # Vuze
Jantarnyj # palmniki
ec # EuroCity
łupia # Skierniewka
tetun # Tetum
służewo # Służew # borzęcin
anchovies # Anchois
Biustonosz # stanik
Anais # anaïs
Pozwoł # poswol
piraruku # Arapaima
Wyzwalacz # trigger
nowotworzenie # Karcynogeneza # kancerogeneza
Likantropia # wilkołactwo
konopiotka # Siemieniotka
Puentylizm # pointylizm
Faworyt # faworyta
tessyn # Ticino
blount # Blunt
ulfilas # Wulfila
Karaluch # karakon
welawa # Znamiensk
petanka # Pétanque
Liczyrzepa # karkonosz
kącina # kontyna # gontyna # Chram
trapezunt # Trabzon # trebizonda
Fotoplastykon # fotoplastikon
Stylisko # trzonek
Giedyminowicze # dowmunt
szczypczyki # Pinceta
Borowikowce # boletales
Heraklion # iraklion # kandia
charłactwo # Wyniszczenie
Erechteus # erechteusz
орджонікідзе # Ordżonikidze
Paifang # pailou
Tenoryt # cuo
Sherry # xeres
wiatromierz # Anemometr
brunnen # Lauterbrunnen
Landsknecht # lancknecht
dagan # Dagon
hildebad # Ildibald
azt # Azydotymidyna
Notariusz # rejent
gruzy # Gruz
minimax # ZigZap
norrlandia # Norrland
Invisible # impossible
sh # SuperH
czystohorb # Czystogarb
Vitoria # gasteiz
Wadżda # وجدة
SS # schutzstaffel
Metamizol # pyralgina
hijra # Hidźra
tuner # Amplituner
Ubezpłodnienie # sterylizacja
samozapylenie # autogamia # Samopylność
Monaster # monastyr
Kruger # krueger
Sixteen # seventeen
Tarnik # raszpel
schildberg # Štíty
Uwodornianie # hydrogenizacja
zemirot # Zmirot
tangier # طنجة # Tanger
odjęcie # Amputacja
Shangpa # szangpa
Antyłańcuch # antyłańcuchem
Chrzelice # schelitz
Czartowice # schartowitz
Domecko # dometzko
dręstwo # Dreństwo
Dziedziule # didžiuliai
dziekanstwo # Dziekaństwo
dirschelwitz # Dzierżysławice
Gąsiorowice # gonschiorowitz
Glinna # glien
Hałe # hało
himmelwitz # Jemielnica
talbotypia # Kalotypia
charlottenthal # Klekotna
Kierpień # kerpen
mizoginizm # Mizoginia
Kolnowice # kohlsdorf
landsmierz # Landzmierz
Caernarvon # caernarfon
Mochów # mochau
letalnica # Velikanka
indologia # Indianistyka
Narewka # нараўка
Niezdrowice # niesdrowitz
Nieznaszyn # niesnaschin
Ochodze # ochotz
Oleksów # oleksowa
Otmice # ottmütz
kalinin # Twer
Pludry # pluder
Radostynia # radstein
Wczasy # wywczas
seivai # Sejwy
Szemrowice # schemrowitz
suckowitz # Sukowice
stobnica # Stopnica
Święciny # neuwedel
baladewa # Balarama
Trakiszki # trakiškės
Wasiłowice # waschelwitz
vidugiriai # Widugiery
vilkapėdžiai # Wiłkopedzie
Zelewo # żelewo
Goryczak # tylopilus
Hwange # wankie
Hilemorfizm # hylemorfizm
wiatka # Kirow
Gołąbkowce # russulales
Aspidiske # scutulum
Morsø # mors
Pieprznikowce # cantharellales
ziusudra # atrahasis # Utnapisztim
الشلف # Szalif
Lisówkowate # coniophoraceae
craterellus # Lejkowiec
balbulus # Notker
lojang # Luoyang
Genzeryk # gejzeryk
sadyci # Saadyci
Lakszadiwy # lakkadiwy
dpi # Ppi
trzenschin # Trzęsina
قەشقەر # Kaszgar
تلمسان # Tilimsan
مراكش # Marrakesz
jubilerstwo # Złotnictwo
homiletyk # Homiletyka
Anchesenamon # anchesenpaaton # anchesenaton
słoik # Słój
桂林 # Guilin
édson # Edson
kukła # Kukiełka
Meknes # مكناس
szigace # Xigazê # shigatse
Dobricz # добрич
limasol # Limassol # λεμεσός
Swojczyce # swojec
briareus # Ajgajon
Anemogamia # wiatropylność
Aoryst # aoristus
amenmose # Amenmes
Citigroup # citicorp
Restart # reset
UniCredit # unicredito
toohito # Momozono
Nakamikado # yasuhito
Reigen # satohito
skikjöring # Skijöring
asahito # Higashiyama
Pożarewac # passarowitz
inwersja # Przestawnia # metateza
Huh # hah # heh
independence # INDEPENDANCE
larum # Alarm
Rogneda # anastazja
Biskira # بسكرة
Kelsos # celsus
Beltane # beltaine
Defraudacja # sprzeniewierzenie
dykta # Sklejka
natrysk # Prysznic
tenchi # Tenji
Matoranie # hahli
quetta # Kweta
masuku # Franceville
Türkmenbaşy # krasnowodzk
kroninek # Kruninek
lalitpur # Patan
chaetodontidae # pomacanthidae # Ustnikowate
Türkmenabat # czardżuj # czardżou
beztlenowiec # Anaerob
Peterhof # pietrodworiec
Jozafata # józefata
Chac # chaac
gerdauen # Gierdawy
ragneta # Nieman
egzemplum # Exemplum
karagasi # Tofalarzy
frejm # Frame
AvtoVAZ # awtowaz
Dobrowolsk # pilkały
Asal # assal
Handymax # handysize
tazos # Thasos
Hematuria # mikrohematuria
huehueteotl # Xiuhtecuhtli
yanomamö # Janomamowie
Botia # bocja
jankowscy # Jankowski
slap # Slapping
Barbus # brzana # brzanka
Jabłonkowanie # sziakanie
Amyloidoza # skrobiawica
helioterapia # Fototerapia # światłolecznictwo
mumel # Mummel
caelus # Coelus
octli # Pulque
Kamiński # kamińska # kamińscy
fezzan # Fazzan
Wójcik # wojcik
limfangiografia # Limfografia
maggid # Magid
Mozzetta # mucet
Wikiup # wickiup
orchanie # Botewgrad
Przegłos # umlaut
Formalizm # formalizacja
bystrzyk # Hyphessobrycon
zielińska # zielińscy # Zieliński
Afarowie # danakilowie
trybologia # Tribologia
nanity # Nanoroboty
פולין # Polin
Birgu # vittoriosa
gurkha # Gurkhowie
drukpowie # Ngalop # bhutańczykami
sharchopkha # Tshangla
Lhop # doya # lhopu
rodzona # Siostra
Picunda # pityus
Huteryci # hutteryci
Fujian # fukien
Nadżaf # nedżef
szymańska # Szymański # szymańscy
paiute # Pajutowie
Wiszegrad # višegrad
markerwaarddijk # Houtribdijk
eutyches # Eutychiusz
platynka # Platka
MHTML # html
Melanż # przyprawa
vinaigrette # Winegret
hiacynt # Hiakintos
Międzybuż # międzyboż
Osseina # osteoid
Argostolion # argostoli
iżorianie # Iżorowie
Fidelio # florestan
semipałatyńsk # Semej
bismilla # Bismallah
Matern # materna
feat # Featuring
Sobierad # sobieraj
Dobele # doblena
nazary # Nazariusz
fulgenty # Fulgencjusz
Fulgenty # fulgencjusz
Sykariusze # sicarii
Wulstan # wulfstan
przesław # przecław # Przedsław
шумен # Szumen
Chaskowo # хасково
Łowecz # ловеч
Silistra # силистра
baber # Babur
Posąg # statua
Wanadzor # kirowakan
Bizerta # بنزرت
بشار # Baszszar
rúv # Ríkisútvarpið
Diuron # dcmu
Wiadro # kubeł
macumba # Quimbanda
chryzolit # Forsteryt
striptiz # Striptease
hver # Hveragerði
kokkolit # Kokolit
kytera # Kíthira
Playa # kewir
Chroot # root
hapsal # Haapsalu
Etanoloamina # kolamina
قصر # Ksar
Sicherheitspolizei # sipo
Flakpanzer # panzer
hedżet # Pszent
Habiru # habiri # hapiru
Durkurigalzu # akarkuf
nube # Nubes
Nechen # hierakonpolis
opizon # Opizo
tasbih # Subha
Maksyma # aforyzm # sentencja
Ultraprodukt # ultrapotęgi
Tajowie # syjamczycy
bagrownica # Pogłębiarka
silimanit # sylimanit # Sillimanit
Ćottogram # czittagong
Aminofenazon # pyramidonum
Kapnometria # kapnografia
fujara # Fujarka
Wirty # borzechowo
grundschule # Hauptschule
gandulf # Gandolf
browarnictwo # Piwowarstwo
covellin # Kowelin
guernésiais # Dgèrnésiais
Ronaldão # ronaldao
Babelthuap # babeldaob
Izmael # isma'il
parnes # Parnitha
Mirza # murza
gilacy # Niwchowie
butrinti # Butrint
Koronawirusy # koronawirus
Hycel # rakarz
Ekspedyt # wierzyn
jing # Chu
irbil # Arbela
abdali # Durrani
szmulki # Szmulowizna
nanumaga # Nanumanga
Parkometr # parkomat
setgid # Setuid
prioziersk # Prioziorsk
Macdonald # mcdonald
meistriliigi # Meistriliiga
tyszkiewiczówna # Tyszkiewiczowie
Narmada # narbada
fellin # Viljandi
Stilbit # desmin
Missolungi # mesolongion
malchos # Malchus
Polilaktyd # pla
мкад # MKAD
asauł # Esauł
Domicjusz # domicjusza
Saguinus # tamaryna
stranieri # Straniero
vilcanota # Urubamba
steward # Stewardesa
Althann # althan
Nottinghamshire # notts
carr # Kerr
Darna # درنة
otocznia # Perytecjum
Diwali # dipawali
fejditia # Syssitia
mikrohematuria # Krwinkomocz
libtorrent # RTorrent
lapsus # Przejęzyczenie
stryjna # Stryjenka
wuj # wujek # Wujaszek
Pazardżik # пазарджик
Reżim # reżym
krwiotworzenie # Hemopoeza
simsdorf # Pucnik
minislack # Zenwalk
wiki # WikiWikiWeb
pradziadek # pradziad # dziad # Dziadek
Babcia # baba # prababcia # babka
ameboza # Pełzakowica
Araukanie # mapucze
arawakowie # Arawak
Kienesa # kenesa
Rifampicyna # rifampicin
antyautomorfizm # Antyhomomorfizm
Unigraphics # nx
Gwibert # wibert
milenium # Tysiąclecie
polücjanci # polucjanci # Poluzjanci
Krugłe # kruhłe
yohaulticetl # Yohualticitl
motox # Motocross
Trójgeneracja # trigeneracja
Aszanti # asante
selene # Kaguya
Fante # fanti
zagrywka # Serw
Terlecki # terleccy
nikazy # Nikazjusz
Szaunisi # shawnee
Winibald # winebald
Janjanbureh # georgetown
Półkrzew # podkrzew
tespezy # Tespezjusz
dekada # Dziesięciolecie
Eliteserien # tippeligaen
pęknięcie # Rozpadlina # szczelina
czyraczność # Czyrak
trybowanie # Repusowanie
griflet # Girflet
hystaspes # Wisztaspa
Strycharz # cegielnik
Nganasanie # tawgijczycy
Regionalbahn # rb
Oroczanie # orokowie
Orokowie # oroczanie
orokowie # Orocy
zns # Wurcyt
Hamerla # trutowisko
nurn # Lithlad
Shirakawa # sadahito
Cyweton # cybeton
Sygietyński # sygietyńska
Norðoyar # norðoyggjar
havasupai # Hawasupajowie
summulae # Summae
garbanzo # Besan
gallimimus # Gallimim
skrętka # Skrętek
dziesiętnik # Gefrajter
Ładuszkin # ludwikowo
Ruben # rubén
norðragøta # Gøta
Hertfordshire # herts
גבורה # Gewura
Cuniculidae # cuniculus
maglownica # Magiel
Tallaght # tamhlacht
Lobkovic # lobkowitz
Lufka # fifka # cygarniczka
Useradd # user
Skrótowiec # akronim
Userdel # user
fibrynolizyna # Plazmina
Desensytyzacja # odwrażliwianie
sytry # Sytri
Pytałowo # abrene
Selewinka # selevinia
Kustanaj # қостанай
seifersholz # schloin # Wilkanówko # heinrichau
תיפארת # Tiferet
psurow # Psurów
jović # Jovanović
כתר # Keter
Chutor # futor
tutata # Kumarila
dao # Mien
Scrapie # trzęsawka
zichu # Zhuangxiang
paradyż # Gościkowo
Rekurencja # rekursja
Slowcore # sadcore
Apoksyomenos # apoksjomenos
Krasław # krāslava
wszystkożerca # Wszystkożerność
حلوان # hulwan # Heluan
Lycaonia # likaonia
نيالا # Nijala
Trzmielec # psithyrus
Herkules # heraklesem
valkaneş # Wulkaneszty
Göygöl # xanlar
podujevë # besiana # подујево # Podujevo
alopatyczny # Alopatia
pétervárad # Petrovaradin
كلميم # Kulmim
Downtempo # downbeat
baatur # batur # Bagatur
montferrat # Monferrato
bistor # Kremplina
Abbijja # abijja
Radowce # rădăuţi
Ćuprija # ћуприја
смолян # Smolan
medeba # Madaba
hippokrene # Aganippe
syberg # Zyberk
backslide # Moonwalk
dekompresator # Odprężnik
aprendiz # Malú
trubież # Trubiż
Iłukszta # iłłukszta
ambulocetus # Ambulocet
Aixam # mega
traveling # Travelling
Loubomo # dolisie
Chaur # الخور
Chodżent # leninabad
Effendi # efendi
keyboardzista # Klawiszowiec
wierzbowscy # Wierzbowski
Kolding # koldynga
carat # Carstwo
Afaahiti # taravao
pforta # Schulpforta
Gojong # kojong
Polokwane # pietersburg
otiatria # Otologia
Kapodziób # cereopsis
Riepino # kuokkala
Actio # powództwo
Mięćmierz # męćmierz
sieniccy # Sienicki
Amaunet # amonet
Oliwiarka # olejarka
ғафуров # Gafurow
Štimlje # shtime
تيماء # Tajma
زحلة # Zahla
Michalitki # cssma
Portlaoise # maryborough
Srbica # skënderaj
драгаш # Dragaš
обилић # Obilić # kastrioti
lipjan # Lipljan
drenasi # Glogovac
ixelles # Elsene
uccle # Ukkel
Hawajki # sierpodzioby
Ćapati # chapati
Kerava # kervo
ogoniatki # Panuridae
Sąsiedztwo # otoczenie
Sevenair # tuninter
Kajneus # kajnis
Pogwizd # pochwiściel
rca # Cinch
Bóg # bóstwo
wedantasutry # Brahmasutry
ידידיה # Jedediasz
amathos # Amathus
seldżuk # Seldżukidzi # seldżucy
Litang # lithang
Szabaka # szabako
hissarlik # Hisarlik
zemne # Zemplénagárd
apostille # Apostil
Awicebron # avicebron
Fustat # fostat
Peryklaz # mgo
Hakeldama # hakeldamach
Hiperfagia # polifagia
غات # Ghat
Georgijew # георгиев
tailmon # Gatomon
gopal # Gopala
polnik # Nornik
sabuktigin # Sebüktigin
damodar # Damodara
Nidaba # nisaba
balderyk # Baldryk
կապան # Kapan
Adonai # adonaj
gzło # Giezło
alegata # Alegat
Liutpert # liutbert
Perctarit # berthari
Fafnir # fafner
Ejabberd # jabber
Raczyński # raczyńscy
półnormą # Półnorma
majewscy # Majewski
Śamatha # szine # samatha
Mandinka # mandingo
Jebusyci # jebuzejczycy
Withoba # witthala # panduranga
Sirdar # sardar
Biriani # biryani
Marzuk # مرزق
برج # Bordż
khosa # Xhosa
oczamczyra # Oczamczira
ჭიათურა # Cziatura
Ozorkowate # fistulinaceae
fistulina # Ozorek
Mahaśiwaratri # śiwaratri
Gurdżaani # გურჯაანი
Bongoville # lewai
mandji # Lastoursville
teul # Hyeong
Moskitnik # chrysolampis
աբովյան # Abowian
Knyszyna # knyszyn
Kingisepp # jamburg
Pływik # nauplius
Maltzan # maltzahn
bielica # Wapniarka
Troickaja # троицкая
Jampol # jampil
Niënor # níniel
Aglauros # agraulos
Rozrzut # dyspersja
łuskost # Niszczuka
Nasser # nazar
thingplatz # Thingstätte
słobódka # Wiliampol
Kosatkowce # kosatkowate
ureus # Ureusz
chananiasz # Szadrak
miszael # Meszak
Nukleoplazma # kariolimfa
Aubari # ubari
Auszra # aušra
lloth # Lolth
Ginter # gunter
Swen # svend # svein
Sołomacha # sałamacha
syrin # Sirin
hesja # Neukirchen
Rowkarka # żłobiarka
pils # Pilzner
Czarnecki # czarneccy
zapłata # wynagrodzenie # Płaca # pensja # gratyfikacja
okanogan # Okanagan
supo # Suojelupoliisi
Kabaddi # kabbadi
Bachczysaraj # bakczysaraj
Krasnoje # красное
Sejsmograf # sejsmometr
clozaril # Klozapina
раковица # Rakovica
Skoleks # czerwioch
Falchion # falcjon
Bizz # bluetrek
Płaśń # płaśnia
Piadina # piada
خالد # Khaled
Marold # marwald
Nawaratri # durgapudźa
empanada # Empanadas
Srem # syrmia
osiraq # Osirak
savo # savonia # Sawonia
Ojciec # tata
Czarnołęka # dębinka
kalderasze # Kełderasze
Lowarzy # lovari # lovara
Wampiraci # vampirates
Kamunowie # camunni
maó # Mahón
anglez # Tużurek
Mełamed # melamed
Urapidyl # ebrantil
Bryzol # brizol
gandía # Gandia
Sajram # isfidżab # сайрам
renaix # Ronse
dignano # Vodnjan
evzoni # Ewzoni
Dozownik # dozator
Liebfrauenmilch # liebfraumilch
amastris # Amestris
Løgting # løgtingið
céilí # Ceilidh
glires # Siekaczowce
Ekhard # ekard # jakert
alaskit # Aplogranit
Antropomorfizacja # antropomorfizm
panoplium # Panoplia
jugovizija # Jugowizja
paifang # Pailou
Szkwał # nawałnica
metacom # Metacomet
lastryko # Lastriko # lastrico
esplanaden # Esplanadi
Zarodek # embrion
Gotenhafen # gdingen
sewercy # Siewiercy
Bajdar # pajdar
aisha # Aïcha
rembetiko # Rebetiko
Corytophanes # hełmogwany
Löbau # lubij
Rozpórka # rozpora
rashomon # Rashōmon
kerid # Kerið
nguyen # Nguyễn
Miao # hmong
mong # Hmong
Wendeburg # wenden
mierniczy # Geometra
leningor # Achalgori
edura # Oedura
Rajonizm # łuczyzm
międzyzębowe # Seplenienie
kaguł # Oczakow
chrysopolis # Chryzopol
Musli # muesli
psychosis # Psicosis
garry # Gary
Agalmatolit # pagodyt
Hister # ister
villefranche # Villafranca
Młóto # wysłodziny
MobileMe # itools
Zeroconf # zeroconfig
reduce # Fold # accumulate
Bischofswerda # biskupice # biskopicy
samwat # Samwatsara
antilia # Antillia
downadup # Conficker
Kajdu # chajdu
hiphone # CECT
gurdwara # Gurudwara
Qanat # foggara
mbira # Zanza
Szattiwaza # mattiwaza
Sorokin # sorokina
Tagliatelle # tagliolini
Biala # biale
Ulvhild # ulfhilda
Ługa # луга
رباب # Rebab
Kolmanskop # kolmannskuppe
Zarafshon # zarafszan
kolorystyczny # Luminizm
Kalpawryksza # kalpataru
weihaiwei # Weihai
fiumara # Fiumare
Pohorje # bachergebirge
stanger # KwaDukuza
alzira # Alcira
halti # Haltiatunturi
Lephalale # ellisras
Oszun # oxum
Maksterm # maxterm
Modimolle # nylstroom
Mokopane # potgietersrus
adelogyrinidae # Adelospondyli
Sphaeriusidae # sphaerius
Yukiko # yuki
płotele # Płótele
Gorakhnath # gorakszanatha
צפון # Cafun
folikulina # Estron
koliba # Koleba
lutwin # Ludwin
Apame # artakama
laodike # Laodika
رجب # Radżab
Shoulao # shouxing
raudany # Raudań
anemos # Anemoi
maksymówka # Libuchowa
ciżemka # poulaines # Ciżma
adranos # Adranus
felsztyn # Skeliwka
ames # Gee
halštrow # Elstra
balderich # Baderich
Chunajfira # خنيفرة
sheikh # Sheekh
kopiarz # Kartulariusz
Purson # kurson
Naberius # cerbere
Zybert # zygbert # zybart
Mlandżi # sapitwa
terechów # Terechowa
modniarka # Modystka
Naziemek # bielaczek
Uusimaa # nyland
Foras # forcas
Zwalniak # luzownik
konkanastha # Chitpavan
Arame # arama # aram
łóżko # Łoże
Neolectomycetes # neolectales
orbiliales # Orbiliomycetes
Mixiomycetes # mixiales # mixia
Hodża # chodża
Nusbaum # nussbaum
molekuła # Cząsteczka
Kielisznikowate # cyphellaceae
Kovács # kovacs
Pixie # pixy
Diezmann # dytryk
trebinia # Trawunia # trebinje
zahumlje # Zahumle
mutimir # Muncimir
szynszyle # Szynszyla # chinchilla
Czerwcogrzyb # septobasidium
sprzężniowce # sprzężniowe # Sprzężniaki
odrodzenie # Renesans
tamang # Tamangowie
Tiryns # tyryns
ergosferą # Ergoobszar
przykrycie # Koc
Verlamion # verlamio
Alatau # алатау
Masalany # massalany
Supermoto # supermotard
vidas # Vida
Rozpałka # podpałka
Nanping # yanping
tynidazol # Tinidazol
Kaiserpfalz # königspfalz
kołnierzyk # Pelerynka
kuhmo # kajaani # Kainuu
witrodetrynit # Detrowitrynit
bodyslam # Powerslam
Kołpaczek # panaeolus
chrystus # mesjasz # Pomazaniec # wybraniec
Świętosław # święcsław
